memberStateCode,memberStateName,beginDate,endDate,weekNumber,price,unit,pigClass
AT,Austria,06/12/2010,12/12/2010,49,"€140,71",100 KG,Average S + E
AT,Austria,06/12/2010,12/12/2010,49,"€140,71",100 KG,E
BE,Belgium,06/12/2010,12/12/2010,49,"€130,70",100 KG,Average S + E
BE,Belgium,06/12/2010,12/12/2010,49,"€130,70",100 KG,E
BE,Belgium,06/12/2010,12/12/2010,49,"€34,50",P,Piglet
BG,Bulgaria,06/12/2010,12/12/2010,49,"€171,00",100 KG,E
BG,Bulgaria,06/12/2010,12/12/2010,49,"€171,00",100 KG,Average S + E
CY,Cyprus,06/12/2010,12/12/2010,49,"€173,00",100 KG,E
CY,Cyprus,06/12/2010,12/12/2010,49,"€173,00",100 KG,Average S + E
CZ,Czechia,06/12/2010,12/12/2010,49,"€137,58",100 KG,Average S + E
CZ,Czechia,06/12/2010,12/12/2010,49,"€137,58",100 KG,E
CZ,Czechia,06/12/2010,12/12/2010,49,"€62,65",P,Piglet
DK,Denmark,06/12/2010,12/12/2010,49,"€126,24",100 KG,Average S + E
DK,Denmark,06/12/2010,12/12/2010,49,"€126,24",100 KG,E
DK,Denmark,06/12/2010,12/12/2010,49,"€36,09",P,Piglet
EU+UK,EU + UK,06/12/2010,12/12/2010,49,"€138,64",100 KG,Average S + E
EU+UK,EU + UK,06/12/2010,12/12/2010,49,"€138,64",100 KG,E
EU+UK,EU + UK,06/12/2010,12/12/2010,49,"€35,28",P,Piglet
EE,Estonia,06/12/2010,12/12/2010,49,"€143,76",100 KG,Average S + E
EE,Estonia,06/12/2010,12/12/2010,49,"€38,48",P,Piglet
EE,Estonia,06/12/2010,12/12/2010,49,"€143,76",100 KG,E
EU,European Union,06/12/2010,12/12/2010,49,"€138,04",100 KG,Average S + E
EU,European Union,06/12/2010,12/12/2010,49,"€34,77",P,Piglet
EU,European Union,06/12/2010,12/12/2010,49,"€138,04",100 KG,E
FI,Finland,06/12/2010,12/12/2010,49,"€49,42",P,Piglet
FI,Finland,06/12/2010,12/12/2010,49,"€146,99",100 KG,Average S + E
FI,Finland,06/12/2010,12/12/2010,49,"€146,99",100 KG,E
FR,France,06/12/2010,12/12/2010,49,"€127,00",100 KG,E
FR,France,06/12/2010,12/12/2010,49,"€24,20",P,Piglet
FR,France,06/12/2010,12/12/2010,49,"€127,00",100 KG,Average S + E
DE,Germany,06/12/2010,12/12/2010,49,"€44,10",P,Piglet
DE,Germany,06/12/2010,12/12/2010,49,"€149,59",100 KG,Average S + E
DE,Germany,06/12/2010,12/12/2010,49,"€149,59",100 KG,E
EL,Greece,06/12/2010,12/12/2010,49,"€168,26",100 KG,Average S + E
EL,Greece,06/12/2010,12/12/2010,49,"€168,26",100 KG,E
HU,Hungary,06/12/2010,12/12/2010,49,"€139,97",100 KG,E
HU,Hungary,06/12/2010,12/12/2010,49,"€139,97",100 KG,Average S + E
HU,Hungary,06/12/2010,12/12/2010,49,"€23,99",P,Piglet
IE,Ireland,06/12/2010,12/12/2010,49,"€130,01",100 KG,Average S + E
IE,Ireland,06/12/2010,12/12/2010,49,"€130,01",100 KG,E
IT,Italy,06/12/2010,12/12/2010,49,"€51,57",P,Piglet
IT,Italy,06/12/2010,12/12/2010,49,"€151,26",100 KG,E
IT,Italy,06/12/2010,12/12/2010,49,"€151,26",100 KG,Average S + E
LV,Latvia,06/12/2010,12/12/2010,49,"€147,52",100 KG,E
LV,Latvia,06/12/2010,12/12/2010,49,"€147,52",100 KG,Average S + E
LT,Lithuania,06/12/2010,12/12/2010,49,"€143,77",100 KG,E
LT,Lithuania,06/12/2010,12/12/2010,49,"€143,77",100 KG,Average S + E
LU,Luxembourg,06/12/2010,12/12/2010,49,"€152,70",100 KG,Average S + E
LU,Luxembourg,06/12/2010,12/12/2010,49,"€38,70",P,Piglet
LU,Luxembourg,06/12/2010,12/12/2010,49,"€152,70",100 KG,E
MT,Malta,06/12/2010,12/12/2010,49,"€182,00",100 KG,E
MT,Malta,06/12/2010,12/12/2010,49,"€182,00",100 KG,Average S + E
MT,Malta,06/12/2010,12/12/2010,49,"€80,00",P,Piglet
NL,Netherlands,06/12/2010,12/12/2010,49,"€28,25",P,Piglet
NL,Netherlands,06/12/2010,12/12/2010,49,"€130,67",100 KG,Average S + E
NL,Netherlands,06/12/2010,12/12/2010,49,"€130,67",100 KG,E
PL,Poland,06/12/2010,12/12/2010,49,"€20,04",P,Piglet
PL,Poland,06/12/2010,12/12/2010,49,"€130,17",100 KG,E
PL,Poland,06/12/2010,12/12/2010,49,"€130,17",100 KG,Average S + E
PT,Portugal,06/12/2010,12/12/2010,49,"€144,00",100 KG,Average S + E
PT,Portugal,06/12/2010,12/12/2010,49,"€36,00",P,Piglet
PT,Portugal,06/12/2010,12/12/2010,49,"€144,00",100 KG,E
RO,Romania,06/12/2010,12/12/2010,49,"€152,05",100 KG,E
RO,Romania,06/12/2010,12/12/2010,49,"€152,05",100 KG,Average S + E
SK,Slovakia,06/12/2010,12/12/2010,49,"€143,44",100 KG,Average S + E
SK,Slovakia,06/12/2010,12/12/2010,49,"€49,34",P,Piglet
SK,Slovakia,06/12/2010,12/12/2010,49,"€143,44",100 KG,E
SI,Slovenia,06/12/2010,12/12/2010,49,"€140,89",100 KG,E
SI,Slovenia,06/12/2010,12/12/2010,49,"€140,89",100 KG,Average S + E
ES,Spain,06/12/2010,12/12/2010,49,"€133,88",100 KG,E
ES,Spain,06/12/2010,12/12/2010,49,"€31,77",P,Piglet
ES,Spain,06/12/2010,12/12/2010,49,"€133,88",100 KG,Average S + E
SE,Sweden,06/12/2010,12/12/2010,49,"€61,29",P,Piglet
SE,Sweden,06/12/2010,12/12/2010,49,"€159,56",100 KG,Average S + E
SE,Sweden,06/12/2010,12/12/2010,49,"€159,56",100 KG,E
UK,UK up to 01/02/2020,06/12/2010,12/12/2010,49,"€50,00",P,Piglet
UK,UK up to 01/02/2020,06/12/2010,12/12/2010,49,"€157,82",100 KG,E
UK,UK up to 01/02/2020,06/12/2010,12/12/2010,49,"€157,82",100 KG,Average S + E
AT,Austria,25/10/2010,31/10/2010,43,"€134,89",100 KG,Average S + E
AT,Austria,25/10/2010,31/10/2010,43,"€134,89",100 KG,E
BE,Belgium,25/10/2010,31/10/2010,43,"€127,50",100 KG,Average S + E
BE,Belgium,25/10/2010,31/10/2010,43,"€127,50",100 KG,E
BE,Belgium,25/10/2010,31/10/2010,43,"€32,50",P,Piglet
BG,Bulgaria,25/10/2010,31/10/2010,43,"€167,39",100 KG,E
BG,Bulgaria,25/10/2010,31/10/2010,43,"€167,39",100 KG,Average S + E
CY,Cyprus,25/10/2010,31/10/2010,43,"€175,00",100 KG,E
CY,Cyprus,25/10/2010,31/10/2010,43,"€175,00",100 KG,Average S + E
CZ,Czechia,25/10/2010,31/10/2010,43,"€142,08",100 KG,Average S + E
CZ,Czechia,25/10/2010,31/10/2010,43,"€142,08",100 KG,E
CZ,Czechia,25/10/2010,31/10/2010,43,"€51,90",P,Piglet
DK,Denmark,25/10/2010,31/10/2010,43,"€126,18",100 KG,Average S + E
DK,Denmark,25/10/2010,31/10/2010,43,"€126,18",100 KG,E
DK,Denmark,25/10/2010,31/10/2010,43,"€36,07",P,Piglet
EU+UK,EU + UK,25/10/2010,31/10/2010,43,"€136,80",100 KG,Average S + E
EU+UK,EU + UK,25/10/2010,31/10/2010,43,"€136,80",100 KG,E
EU+UK,EU + UK,25/10/2010,31/10/2010,43,"€32,56",P,Piglet
EE,Estonia,25/10/2010,31/10/2010,43,"€143,61",100 KG,Average S + E
EE,Estonia,25/10/2010,31/10/2010,43,"€40,49",P,Piglet
EE,Estonia,25/10/2010,31/10/2010,43,"€143,61",100 KG,E
EU,European Union,25/10/2010,31/10/2010,43,"€136,32",100 KG,Average S + E
EU,European Union,25/10/2010,31/10/2010,43,"€31,97",P,Piglet
EU,European Union,25/10/2010,31/10/2010,43,"€136,32",100 KG,E
FI,Finland,25/10/2010,31/10/2010,43,"€50,20",P,Piglet
FI,Finland,25/10/2010,31/10/2010,43,"€148,57",100 KG,Average S + E
FI,Finland,25/10/2010,31/10/2010,43,"€148,57",100 KG,E
FR,France,25/10/2010,31/10/2010,43,"€128,00",100 KG,E
FR,France,25/10/2010,31/10/2010,43,"€21,00",P,Piglet
FR,France,25/10/2010,31/10/2010,43,"€128,00",100 KG,Average S + E
DE,Germany,25/10/2010,31/10/2010,43,"€38,50",P,Piglet
DE,Germany,25/10/2010,31/10/2010,43,"€141,83",100 KG,Average S + E
DE,Germany,25/10/2010,31/10/2010,43,"€141,83",100 KG,E
EL,Greece,25/10/2010,31/10/2010,43,"€165,84",100 KG,Average S + E
EL,Greece,25/10/2010,31/10/2010,43,"€165,84",100 KG,E
HU,Hungary,25/10/2010,31/10/2010,43,"€138,58",100 KG,E
HU,Hungary,25/10/2010,31/10/2010,43,"€138,58",100 KG,Average S + E
HU,Hungary,25/10/2010,31/10/2010,43,"€27,41",P,Piglet
IE,Ireland,25/10/2010,31/10/2010,43,"€130,05",100 KG,Average S + E
IE,Ireland,25/10/2010,31/10/2010,43,"€130,05",100 KG,E
IT,Italy,25/10/2010,31/10/2010,43,"€51,20",P,Piglet
IT,Italy,25/10/2010,31/10/2010,43,"€153,90",100 KG,E
IT,Italy,25/10/2010,31/10/2010,43,"€153,90",100 KG,Average S + E
LV,Latvia,25/10/2010,31/10/2010,43,"€141,45",100 KG,E
LV,Latvia,25/10/2010,31/10/2010,43,"€141,45",100 KG,Average S + E
LT,Lithuania,25/10/2010,31/10/2010,43,"€138,15",100 KG,E
LT,Lithuania,25/10/2010,31/10/2010,43,"€138,15",100 KG,Average S + E
LU,Luxembourg,25/10/2010,31/10/2010,43,"€144,30",100 KG,Average S + E
LU,Luxembourg,25/10/2010,31/10/2010,43,"€38,70",P,Piglet
LU,Luxembourg,25/10/2010,31/10/2010,43,"€144,30",100 KG,E
MT,Malta,25/10/2010,31/10/2010,43,"€182,00",100 KG,E
MT,Malta,25/10/2010,31/10/2010,43,"€182,00",100 KG,Average S + E
MT,Malta,25/10/2010,31/10/2010,43,"€80,00",P,Piglet
NL,Netherlands,25/10/2010,31/10/2010,43,"€22,75",P,Piglet
NL,Netherlands,25/10/2010,31/10/2010,43,"€125,63",100 KG,Average S + E
NL,Netherlands,25/10/2010,31/10/2010,43,"€125,63",100 KG,E
PL,Poland,25/10/2010,31/10/2010,43,"€22,01",P,Piglet
PL,Poland,25/10/2010,31/10/2010,43,"€129,84",100 KG,E
PL,Poland,25/10/2010,31/10/2010,43,"€129,84",100 KG,Average S + E
PT,Portugal,25/10/2010,31/10/2010,43,"€146,00",100 KG,Average S + E
PT,Portugal,25/10/2010,31/10/2010,43,"€36,00",P,Piglet
PT,Portugal,25/10/2010,31/10/2010,43,"€146,00",100 KG,E
RO,Romania,25/10/2010,31/10/2010,43,"€159,46",100 KG,E
RO,Romania,25/10/2010,31/10/2010,43,"€159,46",100 KG,Average S + E
SK,Slovakia,25/10/2010,31/10/2010,43,"€144,38",100 KG,Average S + E
SK,Slovakia,25/10/2010,31/10/2010,43,"€50,00",P,Piglet
SK,Slovakia,25/10/2010,31/10/2010,43,"€144,38",100 KG,E
SI,Slovenia,25/10/2010,31/10/2010,43,"€139,86",100 KG,E
SI,Slovenia,25/10/2010,31/10/2010,43,"€139,86",100 KG,Average S + E
ES,Spain,25/10/2010,31/10/2010,43,"€133,06",100 KG,E
ES,Spain,25/10/2010,31/10/2010,43,"€27,25",P,Piglet
ES,Spain,25/10/2010,31/10/2010,43,"€133,06",100 KG,Average S + E
SE,Sweden,25/10/2010,31/10/2010,43,"€61,58",P,Piglet
SE,Sweden,25/10/2010,31/10/2010,43,"€157,24",100 KG,Average S + E
SE,Sweden,25/10/2010,31/10/2010,43,"€157,24",100 KG,E
UK,UK up to 01/02/2020,25/10/2010,31/10/2010,43,"€49,75",P,Piglet
UK,UK up to 01/02/2020,25/10/2010,31/10/2010,43,"€152,30",100 KG,E
UK,UK up to 01/02/2020,25/10/2010,31/10/2010,43,"€152,30",100 KG,Average S + E
AT,Austria,13/09/2010,19/09/2010,37,"€141,10",100 KG,Average S + E
AT,Austria,13/09/2010,19/09/2010,37,"€141,10",100 KG,E
BE,Belgium,13/09/2010,19/09/2010,37,"€132,50",100 KG,Average S + E
BE,Belgium,13/09/2010,19/09/2010,37,"€132,50",100 KG,E
BE,Belgium,13/09/2010,19/09/2010,37,"€34,00",P,Piglet
BG,Bulgaria,13/09/2010,19/09/2010,37,"€161,30",100 KG,E
BG,Bulgaria,13/09/2010,19/09/2010,37,"€161,30",100 KG,Average S + E
CY,Cyprus,13/09/2010,19/09/2010,37,"€178,00",100 KG,E
CY,Cyprus,13/09/2010,19/09/2010,37,"€178,00",100 KG,Average S + E
CZ,Czechia,13/09/2010,19/09/2010,37,"€150,14",100 KG,Average S + E
CZ,Czechia,13/09/2010,19/09/2010,37,"€150,14",100 KG,E
CZ,Czechia,13/09/2010,19/09/2010,37,"€56,53",P,Piglet
DK,Denmark,13/09/2010,19/09/2010,37,"€131,88",100 KG,Average S + E
DK,Denmark,13/09/2010,19/09/2010,37,"€131,88",100 KG,E
DK,Denmark,13/09/2010,19/09/2010,37,"€38,27",P,Piglet
EU+UK,EU + UK,13/09/2010,19/09/2010,37,"€145,25",100 KG,Average S + E
EU+UK,EU + UK,13/09/2010,19/09/2010,37,"€145,25",100 KG,E
EU+UK,EU + UK,13/09/2010,19/09/2010,37,"€34,22",P,Piglet
EE,Estonia,13/09/2010,19/09/2010,37,"€145,57",100 KG,Average S + E
EE,Estonia,13/09/2010,19/09/2010,37,"€38,34",P,Piglet
EE,Estonia,13/09/2010,19/09/2010,37,"€145,57",100 KG,E
EU,European Union,13/09/2010,19/09/2010,37,"€144,66",100 KG,Average S + E
EU,European Union,13/09/2010,19/09/2010,37,"€33,49",P,Piglet
EU,European Union,13/09/2010,19/09/2010,37,"€144,66",100 KG,E
FI,Finland,13/09/2010,19/09/2010,37,"€49,04",P,Piglet
FI,Finland,13/09/2010,19/09/2010,37,"€143,24",100 KG,Average S + E
FI,Finland,13/09/2010,19/09/2010,37,"€143,24",100 KG,E
FR,France,13/09/2010,19/09/2010,37,"€137,00",100 KG,E
FR,France,13/09/2010,19/09/2010,37,"€24,20",P,Piglet
FR,France,13/09/2010,19/09/2010,37,"€137,00",100 KG,Average S + E
DE,Germany,13/09/2010,19/09/2010,37,"€38,90",P,Piglet
DE,Germany,13/09/2010,19/09/2010,37,"€145,42",100 KG,Average S + E
DE,Germany,13/09/2010,19/09/2010,37,"€145,42",100 KG,E
EL,Greece,13/09/2010,19/09/2010,37,"€168,26",100 KG,Average S + E
EL,Greece,13/09/2010,19/09/2010,37,"€168,26",100 KG,E
HU,Hungary,13/09/2010,19/09/2010,37,"€147,90",100 KG,E
HU,Hungary,13/09/2010,19/09/2010,37,"€147,90",100 KG,Average S + E
HU,Hungary,13/09/2010,19/09/2010,37,"€35,84",P,Piglet
IE,Ireland,13/09/2010,19/09/2010,37,"€137,52",100 KG,Average S + E
IE,Ireland,13/09/2010,19/09/2010,37,"€137,52",100 KG,E
IT,Italy,13/09/2010,19/09/2010,37,"€53,30",P,Piglet
IT,Italy,13/09/2010,19/09/2010,37,"€166,10",100 KG,E
IT,Italy,13/09/2010,19/09/2010,37,"€166,10",100 KG,Average S + E
LV,Latvia,13/09/2010,19/09/2010,37,"€148,00",100 KG,E
LV,Latvia,13/09/2010,19/09/2010,37,"€148,00",100 KG,Average S + E
LT,Lithuania,13/09/2010,19/09/2010,37,"€156,52",100 KG,E
LT,Lithuania,13/09/2010,19/09/2010,37,"€156,52",100 KG,Average S + E
LU,Luxembourg,13/09/2010,19/09/2010,37,"€148,10",100 KG,Average S + E
LU,Luxembourg,13/09/2010,19/09/2010,37,"€33,20",P,Piglet
LU,Luxembourg,13/09/2010,19/09/2010,37,"€148,10",100 KG,E
MT,Malta,13/09/2010,19/09/2010,37,"€182,00",100 KG,E
MT,Malta,13/09/2010,19/09/2010,37,"€182,00",100 KG,Average S + E
MT,Malta,13/09/2010,19/09/2010,37,"€80,00",P,Piglet
NL,Netherlands,13/09/2010,19/09/2010,37,"€24,00",P,Piglet
NL,Netherlands,13/09/2010,19/09/2010,37,"€133,34",100 KG,Average S + E
NL,Netherlands,13/09/2010,19/09/2010,37,"€133,34",100 KG,E
PL,Poland,13/09/2010,19/09/2010,37,"€26,33",P,Piglet
PL,Poland,13/09/2010,19/09/2010,37,"€146,12",100 KG,E
PL,Poland,13/09/2010,19/09/2010,37,"€146,12",100 KG,Average S + E
PT,Portugal,13/09/2010,19/09/2010,37,"€156,00",100 KG,Average S + E
PT,Portugal,13/09/2010,19/09/2010,37,"€46,00",P,Piglet
PT,Portugal,13/09/2010,19/09/2010,37,"€156,00",100 KG,E
RO,Romania,13/09/2010,19/09/2010,37,"€164,11",100 KG,E
RO,Romania,13/09/2010,19/09/2010,37,"€164,11",100 KG,Average S + E
SK,Slovakia,13/09/2010,19/09/2010,37,"€153,54",100 KG,Average S + E
SK,Slovakia,13/09/2010,19/09/2010,37,"€46,11",P,Piglet
SK,Slovakia,13/09/2010,19/09/2010,37,"€153,54",100 KG,E
SI,Slovenia,13/09/2010,19/09/2010,37,"€142,88",100 KG,E
SI,Slovenia,13/09/2010,19/09/2010,37,"€142,88",100 KG,Average S + E
ES,Spain,13/09/2010,19/09/2010,37,"€145,53",100 KG,E
ES,Spain,13/09/2010,19/09/2010,37,"€25,74",P,Piglet
ES,Spain,13/09/2010,19/09/2010,37,"€145,53",100 KG,Average S + E
SE,Sweden,13/09/2010,19/09/2010,37,"€59,26",P,Piglet
SE,Sweden,13/09/2010,19/09/2010,37,"€156,32",100 KG,Average S + E
SE,Sweden,13/09/2010,19/09/2010,37,"€156,32",100 KG,E
UK,UK up to 01/02/2020,13/09/2010,19/09/2010,37,"€55,38",P,Piglet
UK,UK up to 01/02/2020,13/09/2010,19/09/2010,37,"€164,45",100 KG,E
UK,UK up to 01/02/2020,13/09/2010,19/09/2010,37,"€164,45",100 KG,Average S + E
AT,Austria,02/08/2010,08/08/2010,31,"€147,85",100 KG,E
AT,Austria,02/08/2010,08/08/2010,31,"€147,85",100 KG,Average S + E
BE,Belgium,02/08/2010,08/08/2010,31,"€139,70",100 KG,E
BE,Belgium,02/08/2010,08/08/2010,31,"€139,70",100 KG,Average S + E
BE,Belgium,02/08/2010,08/08/2010,31,"€39,00",P,Piglet
BG,Bulgaria,02/08/2010,08/08/2010,31,"€157,21",100 KG,Average S + E
BG,Bulgaria,02/08/2010,08/08/2010,31,"€157,21",100 KG,E
CY,Cyprus,02/08/2010,08/08/2010,31,"€170,00",100 KG,Average S + E
CY,Cyprus,02/08/2010,08/08/2010,31,"€170,00",100 KG,E
CZ,Czechia,02/08/2010,08/08/2010,31,"€52,96",P,Piglet
CZ,Czechia,02/08/2010,08/08/2010,31,"€154,30",100 KG,Average S + E
CZ,Czechia,02/08/2010,08/08/2010,31,"€154,30",100 KG,E
DK,Denmark,02/08/2010,08/08/2010,31,"€137,16",100 KG,Average S + E
DK,Denmark,02/08/2010,08/08/2010,31,"€137,16",100 KG,E
DK,Denmark,02/08/2010,08/08/2010,31,"€43,62",P,Piglet
EU+UK,EU + UK,02/08/2010,08/08/2010,31,"€38,87",P,Piglet
EU+UK,EU + UK,02/08/2010,08/08/2010,31,"€150,97",100 KG,E
EU+UK,EU + UK,02/08/2010,08/08/2010,31,"€150,97",100 KG,Average S + E
EE,Estonia,02/08/2010,08/08/2010,31,"€144,66",100 KG,Average S + E
EE,Estonia,02/08/2010,08/08/2010,31,"€39,70",P,Piglet
EE,Estonia,02/08/2010,08/08/2010,31,"€144,66",100 KG,E
EU,European Union,02/08/2010,08/08/2010,31,"€150,40",100 KG,Average S + E
EU,European Union,02/08/2010,08/08/2010,31,"€38,12",P,Piglet
EU,European Union,02/08/2010,08/08/2010,31,"€150,40",100 KG,E
FI,Finland,02/08/2010,08/08/2010,31,"€50,35",P,Piglet
FI,Finland,02/08/2010,08/08/2010,31,"€139,28",100 KG,Average S + E
FI,Finland,02/08/2010,08/08/2010,31,"€139,28",100 KG,E
FR,France,02/08/2010,08/08/2010,31,"€137,00",100 KG,E
FR,France,02/08/2010,08/08/2010,31,"€28,40",P,Piglet
FR,France,02/08/2010,08/08/2010,31,"€137,00",100 KG,Average S + E
DE,Germany,02/08/2010,08/08/2010,31,"€45,70",P,Piglet
DE,Germany,02/08/2010,08/08/2010,31,"€154,22",100 KG,Average S + E
DE,Germany,02/08/2010,08/08/2010,31,"€154,22",100 KG,E
EL,Greece,02/08/2010,08/08/2010,31,"€168,63",100 KG,Average S + E
EL,Greece,02/08/2010,08/08/2010,31,"€168,63",100 KG,E
HU,Hungary,02/08/2010,08/08/2010,31,"€151,10",100 KG,E
HU,Hungary,02/08/2010,08/08/2010,31,"€151,10",100 KG,Average S + E
HU,Hungary,02/08/2010,08/08/2010,31,"€30,23",P,Piglet
IE,Ireland,02/08/2010,08/08/2010,31,"€141,30",100 KG,Average S + E
IE,Ireland,02/08/2010,08/08/2010,31,"€141,30",100 KG,E
IT,Italy,02/08/2010,08/08/2010,31,"€149,88",100 KG,E
IT,Italy,02/08/2010,08/08/2010,31,"€149,88",100 KG,Average S + E
IT,Italy,02/08/2010,08/08/2010,31,"€57,89",P,Piglet
LV,Latvia,02/08/2010,08/08/2010,31,"€142,37",100 KG,E
LV,Latvia,02/08/2010,08/08/2010,31,"€142,37",100 KG,Average S + E
LT,Lithuania,02/08/2010,08/08/2010,31,"€149,20",100 KG,Average S + E
LT,Lithuania,02/08/2010,08/08/2010,31,"€149,20",100 KG,E
LU,Luxembourg,02/08/2010,08/08/2010,31,"€154,70",100 KG,E
LU,Luxembourg,02/08/2010,08/08/2010,31,"€154,70",100 KG,Average S + E
LU,Luxembourg,02/08/2010,08/08/2010,31,"€36,50",P,Piglet
MT,Malta,02/08/2010,08/08/2010,31,"€80,00",P,Piglet
MT,Malta,02/08/2010,08/08/2010,31,"€182,00",100 KG,Average S + E
MT,Malta,02/08/2010,08/08/2010,31,"€182,00",100 KG,E
NL,Netherlands,02/08/2010,08/08/2010,31,"€138,56",100 KG,E
NL,Netherlands,02/08/2010,08/08/2010,31,"€138,56",100 KG,Average S + E
NL,Netherlands,02/08/2010,08/08/2010,31,"€26,75",P,Piglet
PL,Poland,02/08/2010,08/08/2010,31,"€150,49",100 KG,Average S + E
PL,Poland,02/08/2010,08/08/2010,31,"€29,34",P,Piglet
PL,Poland,02/08/2010,08/08/2010,31,"€150,49",100 KG,E
PT,Portugal,02/08/2010,08/08/2010,31,"€173,00",100 KG,E
PT,Portugal,02/08/2010,08/08/2010,31,"€46,00",P,Piglet
PT,Portugal,02/08/2010,08/08/2010,31,"€173,00",100 KG,Average S + E
RO,Romania,02/08/2010,08/08/2010,31,"€163,63",100 KG,E
RO,Romania,02/08/2010,08/08/2010,31,"€163,63",100 KG,Average S + E
SK,Slovakia,02/08/2010,08/08/2010,31,"€155,19",100 KG,Average S + E
SK,Slovakia,02/08/2010,08/08/2010,31,"€155,19",100 KG,E
SK,Slovakia,02/08/2010,08/08/2010,31,"€63,02",P,Piglet
SI,Slovenia,02/08/2010,08/08/2010,31,"€146,70",100 KG,Average S + E
SI,Slovenia,02/08/2010,08/08/2010,31,"€146,70",100 KG,E
ES,Spain,02/08/2010,08/08/2010,31,"€31,97",P,Piglet
ES,Spain,02/08/2010,08/08/2010,31,"€164,07",100 KG,E
ES,Spain,02/08/2010,08/08/2010,31,"€164,07",100 KG,Average S + E
SE,Sweden,02/08/2010,08/08/2010,31,"€149,95",100 KG,Average S + E
SE,Sweden,02/08/2010,08/08/2010,31,"€62,60",P,Piglet
SE,Sweden,02/08/2010,08/08/2010,31,"€149,95",100 KG,E
UK,UK up to 01/02/2020,02/08/2010,08/08/2010,31,"€169,31",100 KG,E
UK,UK up to 01/02/2020,02/08/2010,08/08/2010,31,"€61,00",P,Piglet
UK,UK up to 01/02/2020,02/08/2010,08/08/2010,31,"€169,31",100 KG,Average S + E
AT,Austria,21/06/2010,27/06/2010,25,"€152,85",100 KG,E
AT,Austria,21/06/2010,27/06/2010,25,"€152,85",100 KG,Average S + E
BE,Belgium,21/06/2010,27/06/2010,25,"€145,40",100 KG,E
BE,Belgium,21/06/2010,27/06/2010,25,"€145,40",100 KG,Average S + E
BE,Belgium,21/06/2010,27/06/2010,25,"€44,00",P,Piglet
BG,Bulgaria,21/06/2010,27/06/2010,25,"€155,00",100 KG,Average S + E
BG,Bulgaria,21/06/2010,27/06/2010,25,"€155,00",100 KG,E
CY,Cyprus,21/06/2010,27/06/2010,25,"€171,00",100 KG,Average S + E
CY,Cyprus,21/06/2010,27/06/2010,25,"€171,00",100 KG,E
CZ,Czechia,21/06/2010,27/06/2010,25,"€54,53",P,Piglet
CZ,Czechia,21/06/2010,27/06/2010,25,"€158,26",100 KG,Average S + E
CZ,Czechia,21/06/2010,27/06/2010,25,"€158,26",100 KG,E
DK,Denmark,21/06/2010,27/06/2010,25,"€142,97",100 KG,Average S + E
DK,Denmark,21/06/2010,27/06/2010,25,"€142,97",100 KG,E
DK,Denmark,21/06/2010,27/06/2010,25,"€45,55",P,Piglet
EU+UK,EU + UK,21/06/2010,27/06/2010,25,"€43,82",P,Piglet
EU+UK,EU + UK,21/06/2010,27/06/2010,25,"€152,92",100 KG,E
EU+UK,EU + UK,21/06/2010,27/06/2010,25,"€152,92",100 KG,Average S + E
EE,Estonia,21/06/2010,27/06/2010,25,"€144,51",100 KG,Average S + E
EE,Estonia,21/06/2010,27/06/2010,25,"€38,95",P,Piglet
EE,Estonia,21/06/2010,27/06/2010,25,"€144,51",100 KG,E
EU,European Union,21/06/2010,27/06/2010,25,"€152,32",100 KG,Average S + E
EU,European Union,21/06/2010,27/06/2010,25,"€43,07",P,Piglet
EU,European Union,21/06/2010,27/06/2010,25,"€152,32",100 KG,E
FI,Finland,21/06/2010,27/06/2010,25,"€51,32",P,Piglet
FI,Finland,21/06/2010,27/06/2010,25,"€140,63",100 KG,Average S + E
FI,Finland,21/06/2010,27/06/2010,25,"€140,63",100 KG,E
FR,France,21/06/2010,27/06/2010,25,"€141,00",100 KG,E
FR,France,21/06/2010,27/06/2010,25,"€34,40",P,Piglet
FR,France,21/06/2010,27/06/2010,25,"€141,00",100 KG,Average S + E
DE,Germany,21/06/2010,27/06/2010,25,"€52,60",P,Piglet
DE,Germany,21/06/2010,27/06/2010,25,"€156,69",100 KG,Average S + E
DE,Germany,21/06/2010,27/06/2010,25,"€156,69",100 KG,E
EL,Greece,21/06/2010,27/06/2010,25,"€150,52",100 KG,Average S + E
EL,Greece,21/06/2010,27/06/2010,25,"€150,52",100 KG,E
HU,Hungary,21/06/2010,27/06/2010,25,"€151,16",100 KG,E
HU,Hungary,21/06/2010,27/06/2010,25,"€151,16",100 KG,Average S + E
HU,Hungary,21/06/2010,27/06/2010,25,"€39,03",P,Piglet
IE,Ireland,21/06/2010,27/06/2010,25,"€141,41",100 KG,Average S + E
IE,Ireland,21/06/2010,27/06/2010,25,"€141,41",100 KG,E
IT,Italy,21/06/2010,27/06/2010,25,"€149,38",100 KG,E
IT,Italy,21/06/2010,27/06/2010,25,"€149,38",100 KG,Average S + E
IT,Italy,21/06/2010,27/06/2010,25,"€62,23",P,Piglet
LV,Latvia,21/06/2010,27/06/2010,25,"€153,70",100 KG,E
LV,Latvia,21/06/2010,27/06/2010,25,"€153,70",100 KG,Average S + E
LT,Lithuania,21/06/2010,27/06/2010,25,"€160,33",100 KG,Average S + E
LT,Lithuania,21/06/2010,27/06/2010,25,"€160,33",100 KG,E
LU,Luxembourg,21/06/2010,27/06/2010,25,"€158,80",100 KG,E
LU,Luxembourg,21/06/2010,27/06/2010,25,"€158,80",100 KG,Average S + E
LU,Luxembourg,21/06/2010,27/06/2010,25,"€41,70",P,Piglet
MT,Malta,21/06/2010,27/06/2010,25,"€80,00",P,Piglet
MT,Malta,21/06/2010,27/06/2010,25,"€182,00",100 KG,Average S + E
MT,Malta,21/06/2010,27/06/2010,25,"€182,00",100 KG,E
NL,Netherlands,21/06/2010,27/06/2010,25,"€143,13",100 KG,E
NL,Netherlands,21/06/2010,27/06/2010,25,"€143,13",100 KG,Average S + E
NL,Netherlands,21/06/2010,27/06/2010,25,"€34,25",P,Piglet
PL,Poland,21/06/2010,27/06/2010,25,"€148,55",100 KG,Average S + E
PL,Poland,21/06/2010,27/06/2010,25,"€31,57",P,Piglet
PL,Poland,21/06/2010,27/06/2010,25,"€148,55",100 KG,E
PT,Portugal,21/06/2010,27/06/2010,25,"€171,00",100 KG,E
PT,Portugal,21/06/2010,27/06/2010,25,"€46,00",P,Piglet
PT,Portugal,21/06/2010,27/06/2010,25,"€171,00",100 KG,Average S + E
RO,Romania,21/06/2010,27/06/2010,25,"€152,05",100 KG,E
RO,Romania,21/06/2010,27/06/2010,25,"€152,05",100 KG,Average S + E
SK,Slovakia,21/06/2010,27/06/2010,25,"€159,43",100 KG,Average S + E
SK,Slovakia,21/06/2010,27/06/2010,25,"€159,43",100 KG,E
SK,Slovakia,21/06/2010,27/06/2010,25,"€57,25",P,Piglet
SI,Slovenia,21/06/2010,27/06/2010,25,"€149,04",100 KG,Average S + E
SI,Slovenia,21/06/2010,27/06/2010,25,"€149,04",100 KG,E
ES,Spain,21/06/2010,27/06/2010,25,"€37,50",P,Piglet
ES,Spain,21/06/2010,27/06/2010,25,"€166,56",100 KG,E
ES,Spain,21/06/2010,27/06/2010,25,"€166,56",100 KG,Average S + E
SE,Sweden,21/06/2010,27/06/2010,25,"€145,56",100 KG,Average S + E
SE,Sweden,21/06/2010,27/06/2010,25,"€61,07",P,Piglet
SE,Sweden,21/06/2010,27/06/2010,25,"€145,56",100 KG,E
UK,UK up to 01/02/2020,21/06/2010,27/06/2010,25,"€172,46",100 KG,E
UK,UK up to 01/02/2020,21/06/2010,27/06/2010,25,"€65,62",P,Piglet
UK,UK up to 01/02/2020,21/06/2010,27/06/2010,25,"€172,46",100 KG,Average S + E
AT,Austria,10/05/2010,16/05/2010,19,"€135,79",100 KG,E
AT,Austria,10/05/2010,16/05/2010,19,"€135,79",100 KG,Average S + E
BE,Belgium,10/05/2010,16/05/2010,19,"€41,00",P,Piglet
BE,Belgium,10/05/2010,16/05/2010,19,"€130,40",100 KG,Average S + E
BE,Belgium,10/05/2010,16/05/2010,19,"€130,40",100 KG,E
BG,Bulgaria,10/05/2010,16/05/2010,19,"€157,64",100 KG,E
BG,Bulgaria,10/05/2010,16/05/2010,19,"€157,64",100 KG,Average S + E
CY,Cyprus,10/05/2010,16/05/2010,19,"€154,00",100 KG,Average S + E
CY,Cyprus,10/05/2010,16/05/2010,19,"€154,00",100 KG,E
CZ,Czechia,10/05/2010,16/05/2010,19,"€61,16",P,Piglet
CZ,Czechia,10/05/2010,16/05/2010,19,"€137,88",100 KG,Average S + E
CZ,Czechia,10/05/2010,16/05/2010,19,"€137,88",100 KG,E
DK,Denmark,10/05/2010,16/05/2010,19,"€130,36",100 KG,Average S + E
DK,Denmark,10/05/2010,16/05/2010,19,"€130,36",100 KG,E
DK,Denmark,10/05/2010,16/05/2010,19,"€38,44",P,Piglet
EU+UK,EU + UK,10/05/2010,16/05/2010,19,"€44,35",P,Piglet
EU+UK,EU + UK,10/05/2010,16/05/2010,19,"€138,35",100 KG,E
EU+UK,EU + UK,10/05/2010,16/05/2010,19,"€138,35",100 KG,Average S + E
EE,Estonia,10/05/2010,16/05/2010,19,"€138,25",100 KG,Average S + E
EE,Estonia,10/05/2010,16/05/2010,19,"€36,35",P,Piglet
EE,Estonia,10/05/2010,16/05/2010,19,"€138,25",100 KG,E
EU,European Union,10/05/2010,16/05/2010,19,"€137,56",100 KG,Average S + E
EU,European Union,10/05/2010,16/05/2010,19,"€43,68",P,Piglet
EU,European Union,10/05/2010,16/05/2010,19,"€137,56",100 KG,E
FI,Finland,10/05/2010,16/05/2010,19,"€50,44",P,Piglet
FI,Finland,10/05/2010,16/05/2010,19,"€139,28",100 KG,Average S + E
FI,Finland,10/05/2010,16/05/2010,19,"€139,28",100 KG,E
FR,France,10/05/2010,16/05/2010,19,"€132,00",100 KG,E
FR,France,10/05/2010,16/05/2010,19,"€35,00",P,Piglet
FR,France,10/05/2010,16/05/2010,19,"€132,00",100 KG,Average S + E
DE,Germany,10/05/2010,16/05/2010,19,"€53,20",P,Piglet
DE,Germany,10/05/2010,16/05/2010,19,"€143,71",100 KG,Average S + E
DE,Germany,10/05/2010,16/05/2010,19,"€143,71",100 KG,E
EL,Greece,10/05/2010,16/05/2010,19,"€141,33",100 KG,Average S + E
EL,Greece,10/05/2010,16/05/2010,19,"€141,33",100 KG,E
HU,Hungary,10/05/2010,16/05/2010,19,"€132,66",100 KG,E
HU,Hungary,10/05/2010,16/05/2010,19,"€132,66",100 KG,Average S + E
HU,Hungary,10/05/2010,16/05/2010,19,"€54,42",P,Piglet
IE,Ireland,10/05/2010,16/05/2010,19,"€129,21",100 KG,Average S + E
IE,Ireland,10/05/2010,16/05/2010,19,"€129,21",100 KG,E
IT,Italy,10/05/2010,16/05/2010,19,"€137,85",100 KG,E
IT,Italy,10/05/2010,16/05/2010,19,"€137,85",100 KG,Average S + E
IT,Italy,10/05/2010,16/05/2010,19,"€64,37",P,Piglet
LV,Latvia,10/05/2010,16/05/2010,19,"€147,59",100 KG,E
LV,Latvia,10/05/2010,16/05/2010,19,"€147,59",100 KG,Average S + E
LT,Lithuania,10/05/2010,16/05/2010,19,"€144,12",100 KG,Average S + E
LT,Lithuania,10/05/2010,16/05/2010,19,"€144,12",100 KG,E
LU,Luxembourg,10/05/2010,16/05/2010,19,"€145,40",100 KG,E
LU,Luxembourg,10/05/2010,16/05/2010,19,"€145,40",100 KG,Average S + E
LU,Luxembourg,10/05/2010,16/05/2010,19,"€42,00",P,Piglet
MT,Malta,10/05/2010,16/05/2010,19,"€80,00",P,Piglet
MT,Malta,10/05/2010,16/05/2010,19,"€182,00",100 KG,Average S + E
MT,Malta,10/05/2010,16/05/2010,19,"€182,00",100 KG,E
NL,Netherlands,10/05/2010,16/05/2010,19,"€127,49",100 KG,E
NL,Netherlands,10/05/2010,16/05/2010,19,"€127,49",100 KG,Average S + E
NL,Netherlands,10/05/2010,16/05/2010,19,"€32,75",P,Piglet
PL,Poland,10/05/2010,16/05/2010,19,"€126,42",100 KG,Average S + E
PL,Poland,10/05/2010,16/05/2010,19,"€35,19",P,Piglet
PL,Poland,10/05/2010,16/05/2010,19,"€126,42",100 KG,E
PT,Portugal,10/05/2010,16/05/2010,19,"€153,00",100 KG,E
PT,Portugal,10/05/2010,16/05/2010,19,"€46,00",P,Piglet
PT,Portugal,10/05/2010,16/05/2010,19,"€153,00",100 KG,Average S + E
RO,Romania,10/05/2010,16/05/2010,19,"€138,03",100 KG,E
RO,Romania,10/05/2010,16/05/2010,19,"€138,03",100 KG,Average S + E
SK,Slovakia,10/05/2010,16/05/2010,19,"€140,89",100 KG,Average S + E
SK,Slovakia,10/05/2010,16/05/2010,19,"€140,89",100 KG,E
SK,Slovakia,10/05/2010,16/05/2010,19,"€55,26",P,Piglet
SI,Slovenia,10/05/2010,16/05/2010,19,"€131,18",100 KG,Average S + E
SI,Slovenia,10/05/2010,16/05/2010,19,"€131,18",100 KG,E
ES,Spain,10/05/2010,16/05/2010,19,"€39,39",P,Piglet
ES,Spain,10/05/2010,16/05/2010,19,"€148,01",100 KG,E
ES,Spain,10/05/2010,16/05/2010,19,"€148,01",100 KG,Average S + E
SE,Sweden,10/05/2010,16/05/2010,19,"€141,12",100 KG,Average S + E
SE,Sweden,10/05/2010,16/05/2010,19,"€58,63",P,Piglet
SE,Sweden,10/05/2010,16/05/2010,19,"€141,12",100 KG,E
UK,UK up to 01/02/2020,10/05/2010,16/05/2010,19,"€163,96",100 KG,E
UK,UK up to 01/02/2020,10/05/2010,16/05/2010,19,"€63,67",P,Piglet
UK,UK up to 01/02/2020,10/05/2010,16/05/2010,19,"€163,96",100 KG,Average S + E
AT,Austria,29/03/2010,04/04/2010,13,"€130,31",100 KG,E
AT,Austria,29/03/2010,04/04/2010,13,"€130,31",100 KG,Average S + E
BE,Belgium,29/03/2010,04/04/2010,13,"€42,00",P,Piglet
BE,Belgium,29/03/2010,04/04/2010,13,"€122,60",100 KG,E
BE,Belgium,29/03/2010,04/04/2010,13,"€122,60",100 KG,Average S + E
BG,Bulgaria,29/03/2010,04/04/2010,13,"€167,74",100 KG,Average S + E
BG,Bulgaria,29/03/2010,04/04/2010,13,"€167,74",100 KG,E
CY,Cyprus,29/03/2010,04/04/2010,13,"€157,00",100 KG,Average S + E
CY,Cyprus,29/03/2010,04/04/2010,13,"€157,00",100 KG,E
CZ,Czechia,29/03/2010,04/04/2010,13,"€135,07",100 KG,Average S + E
CZ,Czechia,29/03/2010,04/04/2010,13,"€135,07",100 KG,E
CZ,Czechia,29/03/2010,04/04/2010,13,"€55,79",P,Piglet
DK,Denmark,29/03/2010,04/04/2010,13,"€37,48",P,Piglet
DK,Denmark,29/03/2010,04/04/2010,13,"€119,70",100 KG,E
DK,Denmark,29/03/2010,04/04/2010,13,"€119,70",100 KG,Average S + E
EU+UK,EU + UK,29/03/2010,04/04/2010,13,"€46,50",P,Piglet
EU+UK,EU + UK,29/03/2010,04/04/2010,13,"€132,89",100 KG,Average S + E
EU+UK,EU + UK,29/03/2010,04/04/2010,13,"€132,89",100 KG,E
EE,Estonia,29/03/2010,04/04/2010,13,"€138,72",100 KG,E
EE,Estonia,29/03/2010,04/04/2010,13,"€138,72",100 KG,Average S + E
EE,Estonia,29/03/2010,04/04/2010,13,"€36,55",P,Piglet
EU,European Union,29/03/2010,04/04/2010,13,"€46,03",P,Piglet
EU,European Union,29/03/2010,04/04/2010,13,"€132,17",100 KG,Average S + E
EU,European Union,29/03/2010,04/04/2010,13,"€132,17",100 KG,E
FI,Finland,29/03/2010,04/04/2010,13,"€50,12",P,Piglet
FI,Finland,29/03/2010,04/04/2010,13,"€138,69",100 KG,Average S + E
FI,Finland,29/03/2010,04/04/2010,13,"€138,69",100 KG,E
FR,France,29/03/2010,04/04/2010,13,"€124,00",100 KG,E
FR,France,29/03/2010,04/04/2010,13,"€124,00",100 KG,Average S + E
FR,France,29/03/2010,04/04/2010,13,"€35,40",P,Piglet
DE,Germany,29/03/2010,04/04/2010,13,"€135,92",100 KG,E
DE,Germany,29/03/2010,04/04/2010,13,"€135,92",100 KG,Average S + E
DE,Germany,29/03/2010,04/04/2010,13,"€52,90",P,Piglet
EL,Greece,29/03/2010,04/04/2010,13,"€155,72",100 KG,E
EL,Greece,29/03/2010,04/04/2010,13,"€155,72",100 KG,Average S + E
HU,Hungary,29/03/2010,04/04/2010,13,"€134,80",100 KG,Average S + E
HU,Hungary,29/03/2010,04/04/2010,13,"€134,80",100 KG,E
HU,Hungary,29/03/2010,04/04/2010,13,"€55,32",P,Piglet
IE,Ireland,29/03/2010,04/04/2010,13,"€124,16",100 KG,Average S + E
IE,Ireland,29/03/2010,04/04/2010,13,"€124,16",100 KG,E
IT,Italy,29/03/2010,04/04/2010,13,"€143,54",100 KG,E
IT,Italy,29/03/2010,04/04/2010,13,"€143,54",100 KG,Average S + E
IT,Italy,29/03/2010,04/04/2010,13,"€67,84",P,Piglet
LV,Latvia,29/03/2010,04/04/2010,13,"€129,46",100 KG,Average S + E
LV,Latvia,29/03/2010,04/04/2010,13,"€129,46",100 KG,E
LT,Lithuania,29/03/2010,04/04/2010,13,"€140,68",100 KG,Average S + E
LT,Lithuania,29/03/2010,04/04/2010,13,"€140,68",100 KG,E
LU,Luxembourg,29/03/2010,04/04/2010,13,"€47,50",P,Piglet
LU,Luxembourg,29/03/2010,04/04/2010,13,"€137,20",100 KG,Average S + E
LU,Luxembourg,29/03/2010,04/04/2010,13,"€137,20",100 KG,E
MT,Malta,29/03/2010,04/04/2010,13,"€182,00",100 KG,E
MT,Malta,29/03/2010,04/04/2010,13,"€80,00",P,Piglet
MT,Malta,29/03/2010,04/04/2010,13,"€182,00",100 KG,Average S + E
NL,Netherlands,29/03/2010,04/04/2010,13,"€120,54",100 KG,E
NL,Netherlands,29/03/2010,04/04/2010,13,"€37,75",P,Piglet
NL,Netherlands,29/03/2010,04/04/2010,13,"€120,54",100 KG,Average S + E
PL,Poland,29/03/2010,04/04/2010,13,"€129,29",100 KG,Average S + E
PL,Poland,29/03/2010,04/04/2010,13,"€129,29",100 KG,E
PL,Poland,29/03/2010,04/04/2010,13,"€40,34",P,Piglet
PT,Portugal,29/03/2010,04/04/2010,13,"€44,00",P,Piglet
PT,Portugal,29/03/2010,04/04/2010,13,"€141,00",100 KG,E
PT,Portugal,29/03/2010,04/04/2010,13,"€141,00",100 KG,Average S + E
RO,Romania,29/03/2010,04/04/2010,13,"€145,88",100 KG,Average S + E
RO,Romania,29/03/2010,04/04/2010,13,"€145,88",100 KG,E
SK,Slovakia,29/03/2010,04/04/2010,13,"€54,32",P,Piglet
SK,Slovakia,29/03/2010,04/04/2010,13,"€138,53",100 KG,E
SK,Slovakia,29/03/2010,04/04/2010,13,"€138,53",100 KG,Average S + E
SI,Slovenia,29/03/2010,04/04/2010,13,"€126,85",100 KG,Average S + E
SI,Slovenia,29/03/2010,04/04/2010,13,"€126,85",100 KG,E
ES,Spain,29/03/2010,04/04/2010,13,"€136,23",100 KG,E
ES,Spain,29/03/2010,04/04/2010,13,"€136,23",100 KG,Average S + E
ES,Spain,29/03/2010,04/04/2010,13,"€46,17",P,Piglet
SE,Sweden,29/03/2010,04/04/2010,13,"€55,01",P,Piglet
SE,Sweden,29/03/2010,04/04/2010,13,"€138,43",100 KG,E
SE,Sweden,29/03/2010,04/04/2010,13,"€138,43",100 KG,Average S + E
UK,UK up to 01/02/2020,29/03/2010,04/04/2010,13,"€156,11",100 KG,E
UK,UK up to 01/02/2020,29/03/2010,04/04/2010,13,"€60,29",P,Piglet
UK,UK up to 01/02/2020,29/03/2010,04/04/2010,13,"€156,11",100 KG,Average S + E
AT,Austria,15/02/2010,21/02/2010,7,"€134,51",100 KG,E
AT,Austria,15/02/2010,21/02/2010,7,"€134,51",100 KG,Average S + E
BE,Belgium,15/02/2010,21/02/2010,7,"€42,00",P,Piglet
BE,Belgium,15/02/2010,21/02/2010,7,"€128,00",100 KG,Average S + E
BE,Belgium,15/02/2010,21/02/2010,7,"€128,00",100 KG,E
BG,Bulgaria,15/02/2010,21/02/2010,7,"€167,29",100 KG,E
BG,Bulgaria,15/02/2010,21/02/2010,7,"€167,29",100 KG,Average S + E
CY,Cyprus,15/02/2010,21/02/2010,7,"€139,00",100 KG,Average S + E
CY,Cyprus,15/02/2010,21/02/2010,7,"€139,00",100 KG,E
CZ,Czechia,15/02/2010,21/02/2010,7,"€45,89",P,Piglet
CZ,Czechia,15/02/2010,21/02/2010,7,"€131,71",100 KG,Average S + E
CZ,Czechia,15/02/2010,21/02/2010,7,"€131,71",100 KG,E
DK,Denmark,15/02/2010,21/02/2010,7,"€116,61",100 KG,Average S + E
DK,Denmark,15/02/2010,21/02/2010,7,"€116,61",100 KG,E
DK,Denmark,15/02/2010,21/02/2010,7,"€36,54",P,Piglet
EU+UK,EU + UK,15/02/2010,21/02/2010,7,"€45,02",P,Piglet
EU+UK,EU + UK,15/02/2010,21/02/2010,7,"€136,72",100 KG,E
EU+UK,EU + UK,15/02/2010,21/02/2010,7,"€136,72",100 KG,Average S + E
EE,Estonia,15/02/2010,21/02/2010,7,"€140,86",100 KG,Average S + E
EE,Estonia,15/02/2010,21/02/2010,7,"€37,58",P,Piglet
EE,Estonia,15/02/2010,21/02/2010,7,"€140,86",100 KG,E
EU,European Union,15/02/2010,21/02/2010,7,"€136,09",100 KG,Average S + E
EU,European Union,15/02/2010,21/02/2010,7,"€44,52",P,Piglet
EU,European Union,15/02/2010,21/02/2010,7,"€136,09",100 KG,E
FI,Finland,15/02/2010,21/02/2010,7,"€49,33",P,Piglet
FI,Finland,15/02/2010,21/02/2010,7,"€138,78",100 KG,Average S + E
FI,Finland,15/02/2010,21/02/2010,7,"€138,78",100 KG,E
FR,France,15/02/2010,21/02/2010,7,"€126,00",100 KG,E
FR,France,15/02/2010,21/02/2010,7,"€33,60",P,Piglet
FR,France,15/02/2010,21/02/2010,7,"€126,00",100 KG,Average S + E
DE,Germany,15/02/2010,21/02/2010,7,"€53,20",P,Piglet
DE,Germany,15/02/2010,21/02/2010,7,"€141,94",100 KG,Average S + E
DE,Germany,15/02/2010,21/02/2010,7,"€141,94",100 KG,E
EL,Greece,15/02/2010,21/02/2010,7,"€160,55",100 KG,Average S + E
EL,Greece,15/02/2010,21/02/2010,7,"€160,55",100 KG,E
HU,Hungary,15/02/2010,21/02/2010,7,"€135,47",100 KG,E
HU,Hungary,15/02/2010,21/02/2010,7,"€135,47",100 KG,Average S + E
HU,Hungary,15/02/2010,21/02/2010,7,"€51,46",P,Piglet
IE,Ireland,15/02/2010,21/02/2010,7,"€121,82",100 KG,Average S + E
IE,Ireland,15/02/2010,21/02/2010,7,"€121,82",100 KG,E
IT,Italy,15/02/2010,21/02/2010,7,"€153,46",100 KG,E
IT,Italy,15/02/2010,21/02/2010,7,"€153,46",100 KG,Average S + E
IT,Italy,15/02/2010,21/02/2010,7,"€67,24",P,Piglet
LV,Latvia,15/02/2010,21/02/2010,7,"€135,51",100 KG,E
LV,Latvia,15/02/2010,21/02/2010,7,"€135,51",100 KG,Average S + E
LT,Lithuania,15/02/2010,21/02/2010,7,"€130,32",100 KG,Average S + E
LT,Lithuania,15/02/2010,21/02/2010,7,"€130,32",100 KG,E
LU,Luxembourg,15/02/2010,21/02/2010,7,"€143,00",100 KG,E
LU,Luxembourg,15/02/2010,21/02/2010,7,"€143,00",100 KG,Average S + E
LU,Luxembourg,15/02/2010,21/02/2010,7,"€39,50",P,Piglet
MT,Malta,15/02/2010,21/02/2010,7,"€80,00",P,Piglet
MT,Malta,15/02/2010,21/02/2010,7,"€182,00",100 KG,Average S + E
MT,Malta,15/02/2010,21/02/2010,7,"€182,00",100 KG,E
NL,Netherlands,15/02/2010,21/02/2010,7,"€125,92",100 KG,E
NL,Netherlands,15/02/2010,21/02/2010,7,"€125,92",100 KG,Average S + E
NL,Netherlands,15/02/2010,21/02/2010,7,"€36,50",P,Piglet
PL,Poland,15/02/2010,21/02/2010,7,"€125,77",100 KG,Average S + E
PL,Poland,15/02/2010,21/02/2010,7,"€33,55",P,Piglet
PL,Poland,15/02/2010,21/02/2010,7,"€125,77",100 KG,E
PT,Portugal,15/02/2010,21/02/2010,7,"€149,00",100 KG,E
PT,Portugal,15/02/2010,21/02/2010,7,"€38,00",P,Piglet
PT,Portugal,15/02/2010,21/02/2010,7,"€149,00",100 KG,Average S + E
RO,Romania,15/02/2010,21/02/2010,7,"€151,11",100 KG,E
RO,Romania,15/02/2010,21/02/2010,7,"€151,11",100 KG,Average S + E
SK,Slovakia,15/02/2010,21/02/2010,7,"€140,30",100 KG,Average S + E
SK,Slovakia,15/02/2010,21/02/2010,7,"€140,30",100 KG,E
SK,Slovakia,15/02/2010,21/02/2010,7,"€55,50",P,Piglet
SI,Slovenia,15/02/2010,21/02/2010,7,"€133,15",100 KG,Average S + E
SI,Slovenia,15/02/2010,21/02/2010,7,"€133,15",100 KG,E
ES,Spain,15/02/2010,21/02/2010,7,"€45,67",P,Piglet
ES,Spain,15/02/2010,21/02/2010,7,"€145,54",100 KG,E
ES,Spain,15/02/2010,21/02/2010,7,"€145,54",100 KG,Average S + E
SE,Sweden,15/02/2010,21/02/2010,7,"€136,60",100 KG,Average S + E
SE,Sweden,15/02/2010,21/02/2010,7,"€58,87",P,Piglet
SE,Sweden,15/02/2010,21/02/2010,7,"€136,60",100 KG,E
UK,UK up to 01/02/2020,15/02/2010,21/02/2010,7,"€157,21",100 KG,E
UK,UK up to 01/02/2020,15/02/2010,21/02/2010,7,"€59,58",P,Piglet
UK,UK up to 01/02/2020,15/02/2010,21/02/2010,7,"€157,21",100 KG,Average S + E
AT,Austria,04/01/2010,10/01/2010,1,"€125,28",100 KG,Average S + E
AT,Austria,04/01/2010,10/01/2010,1,"€125,28",100 KG,E
BE,Belgium,04/01/2010,10/01/2010,1,"€120,70",100 KG,E
BE,Belgium,04/01/2010,10/01/2010,1,"€37,00",P,Piglet
BE,Belgium,04/01/2010,10/01/2010,1,"€120,70",100 KG,Average S + E
BG,Bulgaria,04/01/2010,10/01/2010,1,"€167,77",100 KG,Average S + E
BG,Bulgaria,04/01/2010,10/01/2010,1,"€167,77",100 KG,E
CY,Cyprus,04/01/2010,10/01/2010,1,"€142,00",100 KG,E
CY,Cyprus,04/01/2010,10/01/2010,1,"€142,00",100 KG,Average S + E
CZ,Czechia,04/01/2010,10/01/2010,1,"€56,97",P,Piglet
CZ,Czechia,04/01/2010,10/01/2010,1,"€133,80",100 KG,Average S + E
CZ,Czechia,04/01/2010,10/01/2010,1,"€133,80",100 KG,E
DK,Denmark,04/01/2010,10/01/2010,1,"€108,85",100 KG,E
DK,Denmark,04/01/2010,10/01/2010,1,"€33,73",P,Piglet
DK,Denmark,04/01/2010,10/01/2010,1,"€108,85",100 KG,Average S + E
EU+UK,EU + UK,04/01/2010,10/01/2010,1,"€41,57",P,Piglet
EU+UK,EU + UK,04/01/2010,10/01/2010,1,"€130,68",100 KG,E
EU+UK,EU + UK,04/01/2010,10/01/2010,1,"€130,68",100 KG,Average S + E
EE,Estonia,04/01/2010,10/01/2010,1,"€137,96",100 KG,Average S + E
EE,Estonia,04/01/2010,10/01/2010,1,"€39,59",P,Piglet
EE,Estonia,04/01/2010,10/01/2010,1,"€137,96",100 KG,E
EU,European Union,04/01/2010,10/01/2010,1,"€130,07",100 KG,E
EU,European Union,04/01/2010,10/01/2010,1,"€41,11",P,Piglet
EU,European Union,04/01/2010,10/01/2010,1,"€130,07",100 KG,Average S + E
FI,Finland,04/01/2010,10/01/2010,1,"€47,98",P,Piglet
FI,Finland,04/01/2010,10/01/2010,1,"€139,13",100 KG,Average S + E
FI,Finland,04/01/2010,10/01/2010,1,"€139,13",100 KG,E
FR,France,04/01/2010,10/01/2010,1,"€117,00",100 KG,E
FR,France,04/01/2010,10/01/2010,1,"€29,60",P,Piglet
FR,France,04/01/2010,10/01/2010,1,"€117,00",100 KG,Average S + E
DE,Germany,04/01/2010,10/01/2010,1,"€51,30",P,Piglet
DE,Germany,04/01/2010,10/01/2010,1,"€133,71",100 KG,E
DE,Germany,04/01/2010,10/01/2010,1,"€133,71",100 KG,Average S + E
EL,Greece,04/01/2010,10/01/2010,1,"€170,39",100 KG,E
EL,Greece,04/01/2010,10/01/2010,1,"€170,39",100 KG,Average S + E
HU,Hungary,04/01/2010,10/01/2010,1,"€139,70",100 KG,Average S + E
HU,Hungary,04/01/2010,10/01/2010,1,"€139,70",100 KG,E
HU,Hungary,04/01/2010,10/01/2010,1,"€39,45",P,Piglet
IE,Ireland,04/01/2010,10/01/2010,1,"€117,50",100 KG,Average S + E
IE,Ireland,04/01/2010,10/01/2010,1,"€117,50",100 KG,E
IT,Italy,04/01/2010,10/01/2010,1,"€155,09",100 KG,E
IT,Italy,04/01/2010,10/01/2010,1,"€155,09",100 KG,Average S + E
IT,Italy,04/01/2010,10/01/2010,1,"€58,94",P,Piglet
LV,Latvia,04/01/2010,10/01/2010,1,"€137,96",100 KG,E
LV,Latvia,04/01/2010,10/01/2010,1,"€137,96",100 KG,Average S + E
LT,Lithuania,04/01/2010,10/01/2010,1,"€136,82",100 KG,Average S + E
LT,Lithuania,04/01/2010,10/01/2010,1,"€136,82",100 KG,E
LU,Luxembourg,04/01/2010,10/01/2010,1,"€134,40",100 KG,E
LU,Luxembourg,04/01/2010,10/01/2010,1,"€134,40",100 KG,Average S + E
LU,Luxembourg,04/01/2010,10/01/2010,1,"€48,10",P,Piglet
MT,Malta,04/01/2010,10/01/2010,1,"€80,00",P,Piglet
MT,Malta,04/01/2010,10/01/2010,1,"€182,00",100 KG,Average S + E
MT,Malta,04/01/2010,10/01/2010,1,"€182,00",100 KG,E
NL,Netherlands,04/01/2010,10/01/2010,1,"€115,45",100 KG,E
NL,Netherlands,04/01/2010,10/01/2010,1,"€115,45",100 KG,Average S + E
NL,Netherlands,04/01/2010,10/01/2010,1,"€29,50",P,Piglet
PL,Poland,04/01/2010,10/01/2010,1,"€126,60",100 KG,Average S + E
PL,Poland,04/01/2010,10/01/2010,1,"€37,14",P,Piglet
PL,Poland,04/01/2010,10/01/2010,1,"€126,60",100 KG,E
PT,Portugal,04/01/2010,10/01/2010,1,"€140,00",100 KG,E
PT,Portugal,04/01/2010,10/01/2010,1,"€40,00",P,Piglet
PT,Portugal,04/01/2010,10/01/2010,1,"€140,00",100 KG,Average S + E
RO,Romania,04/01/2010,10/01/2010,1,"€158,05",100 KG,E
RO,Romania,04/01/2010,10/01/2010,1,"€158,05",100 KG,Average S + E
SK,Slovakia,04/01/2010,10/01/2010,1,"€140,96",100 KG,Average S + E
SK,Slovakia,04/01/2010,10/01/2010,1,"€140,96",100 KG,E
SK,Slovakia,04/01/2010,10/01/2010,1,"€50,00",P,Piglet
SI,Slovenia,04/01/2010,10/01/2010,1,"€129,77",100 KG,Average S + E
SI,Slovenia,04/01/2010,10/01/2010,1,"€129,77",100 KG,E
ES,Spain,04/01/2010,10/01/2010,1,"€39,79",P,Piglet
ES,Spain,04/01/2010,10/01/2010,1,"€133,30",100 KG,E
ES,Spain,04/01/2010,10/01/2010,1,"€133,30",100 KG,Average S + E
SE,Sweden,04/01/2010,10/01/2010,1,"€132,84",100 KG,Average S + E
SE,Sweden,04/01/2010,10/01/2010,1,"€58,30",P,Piglet
SE,Sweden,04/01/2010,10/01/2010,1,"€132,84",100 KG,E
UK,UK up to 01/02/2020,04/01/2010,10/01/2010,1,"€150,36",100 KG,E
UK,UK up to 01/02/2020,04/01/2010,10/01/2010,1,"€55,22",P,Piglet
UK,UK up to 01/02/2020,04/01/2010,10/01/2010,1,"€150,36",100 KG,Average S + E
